MentorID,Name,Final Mentor Score,Rank
M099,Harsh Khanna,0.76913,1
M110,Rahul Bose,0.69857,2
M217,Varun Nair,0.68723,3
M210,Aditya Chopra,0.64253,4
M096,Sanya Nair,0.62935,5
M117,Yash Kulkarni,0.62101,6
M260,Isha Chopra,0.6145,7
M184,Harsh Chopra,0.61297,8
M111,Vikram Menon,0.61167,9
M303,Priya Menon,0.6112,10
M029,Dev Mehta,0.59966,11
M292,Aman Mehta,0.59817,12
M284,Neha Chopra,0.59642,13
M329,Sneha Yadav,0.59358,14
M232,Neha Singh,0.59248,15
M258,Aditya Patel,0.59016,16
M182,Aditi Das,0.5893,17
M032,Diya Iyer,0.58656,18
M180,Yash Pillai,0.58576,19
M398,Ananya Pillai,0.58474,20
M041,Riya Kapoor,0.5847,21
M130,Kriti Rao,0.58298,22
M009,Ananya Iyer,0.58077,23
M356,Pooja Bose,0.58076,24
M223,Diya Patel,0.58055,25
M162,Harsh Kapoor,0.57837,26
M185,Aarav Kulkarni,0.57835,27
M307,Ankit Gupta,0.57579,28
M339,Tanya Kapoor,0.57471,29
M101,Yash Patel,0.57334,30
M348,Kabir Pillai,0.57049,31
M256,Rohan Verma,0.56978,32
M368,Tanvi Rao,0.56916,33
M262,Varun Gupta,0.56908,34
M201,Harsh Iyer,0.56616,35
M145,Tanya Bose,0.5636,36
M253,Ananya Singh,0.56222,37
M171,Kunal Pillai,0.56206,38
M083,Kriti Sharma,0.56069,39
M374,Tanvi Jain,0.56059,40
M400,Ananya Iyer,0.56026,41
M168,Ankit Nair,0.55793,42
M114,Nikhil Iyer,0.55758,43
M138,Vikram Singh,0.55748,44
M304,Meera Kulkarni,0.55728,45
M169,Ankit Chopra,0.55727,46
M268,Aditya Shah,0.55581,47
M028,Ankit Pillai,0.55539,48
M228,Kunal Nair,0.55492,49
M294,Nikhil Das,0.5549,50
M327,Dev Gupta,0.5547,51
M165,Kunal Shah,0.55442,52
M230,Dev Verma,0.55438,53
M132,Pooja Shah,0.55407,54
M312,Karan Gupta,0.55369,55
M062,Karan Verma,0.55264,56
M283,Sneha Khanna,0.55249,57
M051,Karan Pillai,0.55205,58
M308,Karan Gupta,0.55123,59
M176,Riya Bose,0.5501,60
M316,Kabir Shah,0.5491,61
M003,Rahul Nair,0.54777,62
M391,Kabir Das,0.54596,63
M285,Meera Sharma,0.54574,64
M123,Tanya Gupta,0.5455,65
M214,Nikhil Khanna,0.54394,66
M112,Harsh Sharma,0.54324,67
M047,Varun Iyer,0.54271,68
M020,Neha Chopra,0.54264,69
M080,Aman Rao,0.5401,70
M388,Tanvi Chopra,0.53973,71
M167,Yash Bose,0.53936,72
M360,Nikhil Patel,0.53899,73
M286,Tanvi Pillai,0.53856,74
M216,Kabir Chopra,0.53823,75
M222,Aditya Das,0.53784,76
M219,Rahul Nair,0.53775,77
M343,Diya Mehta,0.53739,78
M261,Vikram Khanna,0.53725,79
M139,Vikram Jain,0.53597,80
M298,Isha Shah,0.53536,81
M394,Diya Menon,0.5351,82
M059,Tanvi Shah,0.53502,83
M355,Sanya Sharma,0.53483,84
M302,Karan Mehta,0.5346,85
M190,Rohan Rao,0.53418,86
M042,Dev Das,0.53374,87
M066,Isha Menon,0.53298,88
M086,Diya Jain,0.53229,89
M128,Varun Jain,0.53199,90
M306,Pooja Khanna,0.53194,91
M362,Yash Gupta,0.53169,92
M296,Aarav Menon,0.53153,93
M127,Isha Singh,0.53134,94
M350,Karan Patel,0.53131,95
M089,Rohan Sharma,0.53108,96
M248,Nikhil Chopra,0.52874,97
M065,Meera Gupta,0.52836,98
M365,Kriti Gupta,0.52723,99
M359,Yash Mehta,0.52649,100
M161,Karan Mehta,0.52634,101
M257,Kunal Kapoor,0.52628,102
M200,Ankit Verma,0.52625,103
M309,Karan Kulkarni,0.52523,104
M093,Kabir Chopra,0.52446,105
M085,Aditi Jain,0.52444,106
M192,Aman Iyer,0.52409,107
M033,Pooja Nair,0.52335,108
M030,Isha Kapoor,0.52296,109
M012,Kriti Rao,0.5226,110
M097,Rahul Shah,0.52198,111
M140,Aditi Patel,0.52189,112
M077,Meera Iyer,0.52072,113
M084,Ananya Menon,0.52056,114
M124,Ananya Khanna,0.52053,115
M023,Harsh Yadav,0.51965,116
M351,Sanya Kapoor,0.51924,117
M310,Tanvi Chopra,0.51868,118
M036,Kabir Jain,0.51864,119
M278,Harsh Verma,0.51726,120
M026,Diya Chopra,0.51633,121
M344,Vikram Kulkarni,0.51602,122
M349,Arjun Nair,0.51555,123
M213,Ananya Khanna,0.51533,124
M375,Ananya Bose,0.51518,125
M338,Meera Menon,0.51513,126
M070,Aditi Verma,0.51485,127
M203,Pooja Rao,0.5144,128
M288,Sanya Jain,0.51434,129
M153,Harsh Das,0.51384,130
M079,Isha Pillai,0.51368,131
M109,Kunal Bose,0.51353,132
M108,Aarav Pillai,0.51211,133
M067,Karan Nair,0.51139,134
M233,Rohan Gupta,0.51136,135
M384,Sanya Singh,0.51074,136
M276,Arjun Gupta,0.51044,137
M027,Priya Singh,0.51036,138
M007,Varun Khanna,0.51003,139
M263,Isha Yadav,0.50992,140
M082,Pooja Singh,0.50972,141
M094,Harsh Menon,0.50965,142
M282,Neha Mehta,0.5094,143
M389,Ankit Iyer,0.50876,144
M254,Rahul Chopra,0.50741,145
M295,Tanvi Khanna,0.50729,146
M221,Arjun Singh,0.50638,147
M297,Tanya Sharma,0.50635,148
M265,Priya Gupta,0.50605,149
M367,Aditi Verma,0.5051,150
M035,Dev Jain,0.50475,151
M363,Arjun Mehta,0.50327,152
M092,Tanya Iyer,0.50311,153
M366,Priya Bose,0.50266,154
M137,Neha Kulkarni,0.50194,155
M046,Isha Singh,0.50141,156
M340,Rahul Kulkarni,0.50099,157
M387,Kabir Pillai,0.50097,158
M291,Varun Jain,0.5009,159
M151,Yash Patel,0.50026,160
M281,Harsh Sharma,0.50006,161
M104,Rahul Verma,0.49994,162
M129,Kriti Singh,0.49979,163
M186,Meera Rao,0.49961,164
M231,Kunal Shah,0.49907,165
M328,Priya Yadav,0.49898,166
M103,Neha Sharma,0.49869,167
M177,Rohan Yadav,0.49824,168
M259,Sanya Singh,0.49821,169
M215,Tanya Jain,0.49759,170
M320,Sanya Bose,0.49646,171
M018,Dev Menon,0.49641,172
M347,Pooja Gupta,0.49632,173
M069,Yash Kapoor,0.49507,174
M095,Pooja Verma,0.49473,175
M358,Arjun Mehta,0.49472,176
M043,Kunal Das,0.49448,177
M034,Pooja Kulkarni,0.49401,178
M395,Ankit Das,0.49374,179
M054,Arjun Singh,0.49278,180
M220,Karan Bose,0.49229,181
M226,Yash Gupta,0.49208,182
M016,Sneha Das,0.49172,183
M321,Pooja Yadav,0.49114,184
M279,Yash Menon,0.49071,185
M346,Kabir Mehta,0.4905,186
M058,Diya Verma,0.49033,187
M370,Kunal Singh,0.49033,188
M021,Karan Khanna,0.4901,189
M325,Tanvi Das,0.48947,190
M160,Ankit Singh,0.48922,191
M100,Aditi Jain,0.48915,192
M019,Kriti Nair,0.48801,193
M149,Riya Patel,0.48672,194
M150,Nikhil Verma,0.48647,195
M319,Arjun Das,0.48542,196
M234,Yash Das,0.48532,197
M143,Aman Bose,0.48525,198
M270,Tanvi Rao,0.48521,199
M014,Rohan Yadav,0.48478,200
M369,Tanya Gupta,0.48459,201
M245,Harsh Verma,0.48414,202
M315,Priya Bose,0.48385,203
M001,Meera Kulkarni,0.48314,204
M324,Meera Menon,0.483,205
M022,Aarav Pillai,0.48293,206
M311,Tanvi Sharma,0.48203,207
M037,Aditya Shah,0.48141,208
M081,Yash Patel,0.48127,209
M206,Rohan Jain,0.4806,210
M255,Priya Verma,0.48013,211
M342,Ananya Yadav,0.47992,212
M159,Neha Verma,0.47847,213
M314,Kabir Gupta,0.47829,214
M025,Neha Shah,0.47819,215
M141,Sneha Gupta,0.47806,216
M048,Varun Jain,0.47801,217
M191,Vikram Rao,0.4771,218
M015,Kabir Singh,0.47675,219
M074,Kabir Das,0.47574,220
M353,Kabir Chopra,0.47516,221
M174,Ankit Gupta,0.47452,222
M157,Vikram Jain,0.47426,223
M211,Harsh Khanna,0.4737,224
M135,Rahul Kapoor,0.4735,225
M072,Meera Singh,0.47256,226
M005,Karan Chopra,0.47239,227
M163,Aarav Iyer,0.47157,228
M242,Aarav Chopra,0.47139,229
M158,Arjun Pillai,0.4701,230
M290,Neha Menon,0.47005,231
M121,Arjun Iyer,0.46969,232
M267,Meera Das,0.46947,233
M044,Ankit Jain,0.46886,234
M382,Neha Jain,0.46861,235
M354,Ankit Patel,0.46857,236
M087,Kunal Kulkarni,0.4683,237
M031,Aditi Chopra,0.46774,238
M013,Riya Kulkarni,0.46678,239
M209,Aman Jain,0.46673,240
M247,Kriti Rao,0.46656,241
M305,Dev Nair,0.46641,242
M345,Yash Shah,0.46575,243
M373,Nikhil Das,0.46569,244
M341,Arjun Iyer,0.46552,245
M378,Tanya Iyer,0.46527,246
M152,Sneha Gupta,0.465,247
M252,Diya Patel,0.46473,248
M156,Pooja Kulkarni,0.46459,249
M006,Rahul Das,0.46441,250
M107,Aditi Bose,0.46428,251
M204,Neha Pillai,0.46401,252
M383,Rohan Das,0.46333,253
M024,Rohan Jain,0.46264,254
M364,Tanya Menon,0.46263,255
M106,Meera Yadav,0.46181,256
M274,Karan Kulkarni,0.46173,257
M008,Kunal Sharma,0.46112,258
M379,Kabir Kulkarni,0.46109,259
M335,Aman Sharma,0.46031,260
M269,Dev Mehta,0.45976,261
M246,Kabir Sharma,0.45971,262
M371,Tanvi Nair,0.45912,263
M126,Kunal Das,0.45904,264
M243,Harsh Das,0.45887,265
M237,Yash Patel,0.45874,266
M357,Tanya Das,0.45862,267
M002,Vikram Nair,0.45858,268
M075,Neha Jain,0.45851,269
M175,Vikram Menon,0.45792,270
M386,Vikram Mehta,0.4579,271
M251,Kriti Kulkarni,0.45746,272
M372,Aditi Jain,0.45708,273
M057,Karan Yadav,0.45696,274
M004,Kunal Iyer,0.45596,275
M119,Isha Bose,0.45426,276
M280,Isha Sharma,0.45398,277
M333,Arjun Menon,0.45271,278
M318,Ankit Gupta,0.45124,279
M183,Tanya Shah,0.45031,280
M205,Tanvi Iyer,0.45022,281
M266,Kunal Mehta,0.45015,282
M277,Ankit Gupta,0.45012,283
M039,Neha Verma,0.44979,284
M113,Yash Verma,0.44967,285
M376,Riya Kulkarni,0.44934,286
M053,Dev Mehta,0.44839,287
M337,Aarav Kulkarni,0.44746,288
M091,Pooja Kapoor,0.44643,289
M010,Rahul Patel,0.44619,290
M299,Riya Gupta,0.44493,291
M102,Priya Das,0.44462,292
M088,Neha Rao,0.44398,293
M352,Riya Das,0.44283,294
M118,Isha Shah,0.44269,295
M336,Tanvi Kulkarni,0.44148,296
M322,Kabir Kapoor,0.44095,297
M323,Aman Chopra,0.44062,298
M068,Aman Das,0.44061,299
M063,Ankit Khanna,0.44017,300
M017,Diya Rao,0.43971,301
M116,Arjun Chopra,0.43902,302
M381,Isha Kulkarni,0.43886,303
M061,Arjun Khanna,0.43854,304
M178,Aarav Verma,0.43836,305
M317,Rohan Verma,0.43831,306
M105,Meera Singh,0.43767,307
M078,Aditya Das,0.43726,308
M361,Riya Khanna,0.43681,309
M125,Diya Iyer,0.43681,310
M301,Rohan Kulkarni,0.43628,311
M173,Kunal Sharma,0.43574,312
M202,Rohan Kulkarni,0.43565,313
M313,Sneha Kapoor,0.43562,314
M289,Varun Kulkarni,0.43516,315
M038,Meera Iyer,0.43493,316
M136,Sanya Iyer,0.43474,317
M115,Tanya Iyer,0.43465,318
M326,Isha Shah,0.434,319
M133,Rahul Singh,0.43382,320
M249,Kriti Verma,0.4338,321
M052,Aarav Rao,0.43246,322
M393,Nikhil Kapoor,0.43236,323
M189,Isha Kapoor,0.43219,324
M049,Vikram Gupta,0.43193,325
M238,Sneha Gupta,0.43058,326
M045,Rohan Nair,0.43057,327
M040,Aditya Chopra,0.43049,328
M148,Meera Jain,0.42991,329
M050,Diya Patel,0.42823,330
M181,Kabir Kapoor,0.42815,331
M244,Rohan Verma,0.42779,332
M188,Yash Menon,0.4272,333
M187,Aman Menon,0.42666,334
M073,Yash Shah,0.42401,335
M195,Isha Gupta,0.42307,336
M144,Kabir Rao,0.42131,337
M164,Neha Patel,0.4211,338
M197,Sneha Shah,0.42056,339
M193,Diya Patel,0.42038,340
M399,Aditya Verma,0.4195,341
M385,Aman Shah,0.41944,342
M076,Priya Das,0.41911,343
M155,Harsh Sharma,0.41822,344
M300,Varun Kulkarni,0.41817,345
M271,Pooja Khanna,0.41633,346
M212,Varun Kulkarni,0.41526,347
M332,Kriti Menon,0.41377,348
M227,Vikram Mehta,0.4121,349
M199,Kabir Gupta,0.41153,350
M120,Meera Pillai,0.41078,351
M241,Tanvi Iyer,0.41033,352
M166,Diya Shah,0.40953,353
M392,Meera Iyer,0.40854,354
M011,Priya Shah,0.40729,355
M090,Isha Rao,0.40685,356
M275,Kabir Shah,0.40471,357
M071,Nikhil Gupta,0.40361,358
M250,Riya Patel,0.40347,359
M098,Vikram Mehta,0.40316,360
M147,Priya Khanna,0.40123,361
M056,Neha Nair,0.4011,362
M330,Ankit Rao,0.40055,363
M380,Dev Kulkarni,0.39993,364
M122,Harsh Mehta,0.39896,365
M218,Dev Kapoor,0.39847,366
M154,Ananya Patel,0.39664,367
M239,Diya Menon,0.39171,368
M390,Aditi Yadav,0.38987,369
M055,Priya Jain,0.38898,370
M331,Tanya Pillai,0.38632,371
M334,Meera Yadav,0.38598,372
M172,Pooja Nair,0.38251,373
M198,Aarav Jain,0.38009,374
M287,Diya Mehta,0.37567,375
M196,Karan Menon,0.37117,376
M229,Vikram Yadav,0.37058,377
M208,Varun Sharma,0.3701,378
M273,Aarav Shah,0.35732,379
M179,Isha Sharma,0.35607,380
M207,Harsh Iyer,0.35121,381
M146,Sneha Menon,0.35017,382
M060,Ankit Patel,0.3498,383
M293,Sneha Chopra,0.34454,384
M240,Tanya Kapoor,0.3385,385
M397,Riya Menon,0.33606,386
M224,Ananya Pillai,0.32986,387
M377,Aditya Sharma,0.32827,388
M235,Rohan Das,0.30479,389
M225,Tanya Patel,0.30366,390
M142,Aditya Kapoor,0.22854,391
M064,Karan Jain,0.0,392
M131,Arjun Verma,0.0,392
M134,Karan Verma,0.0,392
M170,Vikram Verma,0.0,392
M194,Nikhil Verma,0.0,392
M236,Riya Bose,0.0,392
M264,Meera Das,0.0,392
M272,Priya Sharma,0.0,392
M396,Neha Patel,0.0,392
